transaction_id,transaction_date,store_id,customer_id,product_id,quantity,unit_price,discount,net_sales
1001,1/5/2025,S01,C101,P001,2,100,10,190
1002,1/5/2025,S01,C102,P002,1,250,0,250
1003,1/6/2025,S02,C101,P001,3,100,15,285
1004,1/7/2025,S02,C103,P003,5,50,5,245
1005,1/8/2025,S03,C104,P002,2,250,20,480
1006,1/10/2025,S01,C105,P003,4,50,0,200
1007,1/11/2025,S03,C101,P001,1,100,0,100
1008,1/12/2025,S02,C102,P002,3,250,25,725
1009,1/1/2025,S01,C104,P002,3,250,60,690
1010,1/1/2025,S01,C153,P010,5,40,0,200
1011,1/1/2025,S01,C117,P003,5,50,20,230
1012,1/1/2025,S03,C121,P006,8,60,14,466
1013,1/1/2025,S03,C105,P010,7,40,8,272
1014,1/1/2025,S03,C109,P009,3,120,29,331
1015,1/1/2025,S05,C149,P005,4,80,10,310
1016,1/1/2025,S06,C142,P006,5,60,45,255
1017,1/1/2025,S06,C155,P004,2,45,0,90
1018,1/2/2025,S01,C116,P016,7,25,14,161
1019,1/2/2025,S06,C102,P015,1,12,1,11
1020,1/3/2025,S01,C155,P007,1,400,0,400
1021,1/3/2025,S01,C116,P003,8,50,12,388
1022,1/3/2025,S02,C134,P004,1,45,4,41
1023,1/3/2025,S02,C150,P006,3,60,0,180
1024,1/3/2025,S02,C124,P009,2,120,0,240
1025,1/3/2025,S04,C112,P002,2,250,1,499
1026,1/3/2025,S04,C129,P013,8,55,13,427
1027,1/3/2025,S06,C121,P004,6,45,27,243
1028,1/4/2025,S06,C129,P009,1,120,12,108
1029,1/5/2025,S01,C107,P011,6,15,0,90
1030,1/5/2025,S06,C104,P001,7,100,0,700
1031,1/5/2025,S06,C144,P016,5,25,19,106
1032,1/5/2025,S06,C136,P007,1,400,12,388
1033,1/6/2025,S03,C132,P016,1,25,0,25
1034,1/6/2025,S03,C159,P011,5,15,2,73
1035,1/6/2025,S06,C141,P011,5,15,0,75
1036,1/7/2025,S01,C146,P011,6,15,0,90
1037,1/7/2025,S02,C124,P006,7,60,0,420
1038,1/7/2025,S03,C133,P006,7,60,34,386
1039,1/7/2025,S03,C132,P016,8,25,16,184
1040,1/7/2025,S03,C137,P004,4,45,0,180
1041,1/7/2025,S05,C126,P003,7,50,0,350
1042,1/8/2025,S02,C135,P009,2,120,24,216
1043,1/8/2025,S02,C121,P001,5,100,75,425
1044,1/8/2025,S03,C108,P012,1,300,0,300
1045,1/8/2025,S03,C142,P010,1,40,0,40
1046,1/8/2025,S03,C146,P016,3,25,0,75
1047,1/8/2025,S04,C135,P008,3,180,81,459
1048,1/8/2025,S04,C126,P003,4,50,0,200
1049,1/9/2025,S01,C129,P004,3,45,0,135
1050,1/9/2025,S03,C109,P009,1,120,4,116
1051,1/9/2025,S04,C109,P014,2,20,0,40
1052,1/10/2025,S01,C142,P014,2,20,0,40
1053,1/10/2025,S01,C116,P011,1,15,1,14
1054,1/10/2025,S01,C115,P003,4,50,20,180
1055,1/10/2025,S01,C138,P016,4,25,0,100
1056,1/10/2025,S02,C104,P004,3,45,0,135
1057,1/10/2025,S02,C117,P003,4,50,0,200
1058,1/10/2025,S04,C152,P009,1,120,10,110
1059,1/10/2025,S04,C139,P002,1,250,8,242
1060,1/10/2025,S06,C123,P001,5,100,0,500
1061,1/10/2025,S06,C137,P001,2,100,0,200
1062,1/11/2025,S01,C114,P016,4,25,15,85
1063,1/11/2025,S01,C151,P010,4,40,8,152
1064,1/11/2025,S01,C117,P004,4,45,14,166
1065,1/11/2025,S01,C128,P007,1,400,0,400
1066,1/11/2025,S02,C151,P010,7,40,0,280
1067,1/11/2025,S02,C137,P009,2,120,0,240
1068,1/11/2025,S03,C103,P001,1,100,10,90
1069,1/11/2025,S04,C138,P006,7,60,0,420
1070,1/11/2025,S05,C118,P012,1,300,15,285
1071,1/11/2025,S06,C142,P013,8,55,0,440
1072,1/12/2025,S04,C120,P010,8,40,0,320
1073,1/12/2025,S05,C102,P011,7,15,0,105
1074,1/13/2025,S01,C129,P001,5,100,0,500
1075,1/13/2025,S01,C130,P010,2,40,0,80
1076,1/13/2025,S02,C116,P004,4,45,0,180
1077,1/13/2025,S02,C147,P003,3,50,0,150
1078,1/13/2025,S05,C137,P003,1,50,0,50
1079,1/14/2025,S02,C117,P011,2,15,0,30
1080,1/14/2025,S03,C122,P010,7,40,14,266
1081,1/15/2025,S03,C121,P016,7,25,0,175
1082,1/16/2025,S01,C144,P011,4,15,0,60
1083,1/16/2025,S01,C144,P006,4,60,24,216
1084,1/16/2025,S02,C106,P005,2,80,0,160
1085,1/16/2025,S02,C153,P011,4,15,6,54
1086,1/16/2025,S04,C136,P003,1,50,0,50
1087,1/16/2025,S04,C127,P009,1,120,10,110
1088,1/17/2025,S01,C130,P013,2,55,11,99
1089,1/17/2025,S01,C134,P004,1,45,0,45
1090,1/17/2025,S02,C153,P012,2,300,90,510
1091,1/17/2025,S03,C129,P013,7,55,0,385
1092,1/17/2025,S04,C141,P010,6,40,0,240
1093,1/18/2025,S01,C117,P009,3,120,18,342
1094,1/18/2025,S03,C133,P013,1,55,4,51
1095,1/18/2025,S04,C110,P001,4,100,0,400
1096,1/18/2025,S06,C138,P004,5,45,0,225
1097,1/19/2025,S02,C156,P009,3,120,0,360
1098,1/19/2025,S03,C126,P013,4,55,0,220
1099,1/19/2025,S04,C147,P010,2,40,8,72
1100,1/19/2025,S05,C103,P012,2,300,48,552
1101,1/20/2025,S02,C132,P016,7,25,5,170
1102,1/20/2025,S02,C130,P001,1,100,0,100
1103,1/20/2025,S03,C117,P016,5,25,0,125
1104,1/20/2025,S03,C101,P003,4,50,10,190
1105,1/20/2025,S03,C127,P016,3,25,11,64
1106,1/21/2025,S02,C109,P012,1,300,0,300
1107,1/21/2025,S02,C127,P011,6,15,0,90
1108,1/21/2025,S02,C112,P006,5,60,9,291
1109,1/21/2025,S02,C107,P002,2,250,15,485
1110,1/21/2025,S03,C109,P003,3,50,0,150
1111,1/21/2025,S03,C155,P010,8,40,10,310
1112,1/21/2025,S04,C126,P008,2,180,0,360
1113,1/21/2025,S04,C136,P010,6,40,7,233
1114,1/21/2025,S05,C125,P007,2,400,64,736
1115,1/22/2025,S01,C110,P003,4,50,0,200
1116,1/22/2025,S01,C156,P014,6,20,0,120
1117,1/22/2025,S01,C138,P014,6,20,6,114
1118,1/22/2025,S02,C134,P010,6,40,36,204
1119,1/22/2025,S02,C113,P016,8,25,0,200
1120,1/22/2025,S02,C159,P014,6,20,0,120
1121,1/22/2025,S04,C122,P010,7,40,0,280
1122,1/23/2025,S01,C150,P001,5,100,0,500
1123,1/23/2025,S01,C106,P008,2,180,0,360
1124,1/23/2025,S01,C121,P009,1,120,6,114
1125,1/23/2025,S01,C113,P015,2,12,1,23
1126,1/23/2025,S02,C142,P009,3,120,0,360
1127,1/23/2025,S04,C130,P003,3,50,12,138
1128,1/23/2025,S04,C124,P009,3,120,11,349
1129,1/23/2025,S06,C125,P008,1,180,14,166
1130,1/24/2025,S02,C145,P005,3,80,12,228
1131,1/24/2025,S03,C130,P014,8,20,16,144
1132,1/24/2025,S04,C128,P012,2,300,18,582
1133,1/24/2025,S04,C116,P001,7,100,0,700
1134,1/24/2025,S04,C113,P004,8,45,29,331
1135,1/24/2025,S04,C114,P002,3,250,60,690
1136,1/25/2025,S01,C145,P004,2,45,7,83
1137,1/25/2025,S01,C127,P008,3,180,0,540
1138,1/25/2025,S02,C127,P008,2,180,0,360
1139,1/25/2025,S02,C137,P009,1,120,0,120
1140,1/25/2025,S02,C113,P006,8,60,14,466
1141,1/25/2025,S03,C127,P014,7,20,7,133
1142,1/25/2025,S04,C135,P002,1,250,0,250
1143,1/25/2025,S04,C144,P015,6,12,0,72
1144,1/25/2025,S04,C148,P006,7,60,0,420
1145,1/26/2025,S01,C105,P015,6,12,4,68
1146,1/26/2025,S01,C131,P003,7,50,52,298
1147,1/26/2025,S02,C110,P006,8,60,24,456
1148,1/26/2025,S02,C152,P008,3,180,27,513
1149,1/26/2025,S02,C146,P011,4,15,3,57
1150,1/26/2025,S02,C133,P003,6,50,0,300
1151,1/26/2025,S03,C102,P011,8,15,0,120
1152,1/26/2025,S04,C127,P008,3,180,81,459
1153,1/26/2025,S04,C150,P005,8,80,0,640
1154,1/26/2025,S04,C103,P008,1,180,0,180
1155,1/26/2025,S05,C144,P005,7,80,0,560
1156,1/26/2025,S05,C110,P013,3,55,0,165
1157,1/26/2025,S05,C142,P003,8,50,0,400
1158,1/27/2025,S02,C145,P006,7,60,21,399
1159,1/27/2025,S03,C142,P003,8,50,60,340
1160,1/27/2025,S04,C121,P010,4,40,0,160
1161,1/27/2025,S05,C136,P016,8,25,0,200
1162,1/28/2025,S02,C127,P008,2,180,0,360
1163,1/28/2025,S02,C130,P009,2,120,0,240
1164,1/28/2025,S02,C141,P010,8,40,32,288
1165,1/28/2025,S03,C102,P009,3,120,18,342
1166,1/29/2025,S01,C101,P003,5,50,8,242
1167,1/29/2025,S02,C111,P002,3,250,0,750
1168,1/30/2025,S02,C112,P008,2,180,11,349
1169,1/30/2025,S02,C146,P010,8,40,0,320
1170,1/30/2025,S02,C159,P002,3,250,60,690
1171,1/30/2025,S02,C149,P005,6,80,0,480
1172,1/30/2025,S02,C128,P003,3,50,4,146
1173,1/30/2025,S04,C148,P005,6,80,48,432
1174,1/30/2025,S04,C121,P016,6,25,15,135
1175,1/31/2025,S01,C109,P009,3,120,0,360
1176,1/31/2025,S01,C141,P014,7,20,21,119
1177,1/31/2025,S02,C140,P004,5,45,18,207
1178,1/31/2025,S02,C126,P015,4,12,0,48
1179,1/31/2025,S02,C132,P001,6,100,0,600
1180,1/31/2025,S03,C125,P009,2,120,0,240
1181,1/31/2025,S04,C159,P009,3,120,29,331
1182,1/31/2025,S06,C145,P015,5,12,0,60
1183,1/31/2025,S06,C116,P006,6,60,0,360
1184,1/31/2025,S06,C131,P013,3,55,5,160
1185,2/1/2025,S04,C102,P011,7,15,5,100
1186,2/1/2025,S05,C142,P014,2,20,3,37
1187,2/1/2025,S05,C155,P006,5,60,24,276
1188,2/1/2025,S06,C108,P005,8,80,32,608
1189,2/2/2025,S01,C120,P016,8,25,20,180
1190,2/2/2025,S01,C124,P005,7,80,56,504
1191,2/2/2025,S02,C103,P013,7,55,19,366
1192,2/2/2025,S03,C145,P010,5,40,0,200
1193,2/2/2025,S04,C147,P011,7,15,0,105
1194,2/2/2025,S06,C122,P012,2,300,0,600
1195,2/3/2025,S04,C152,P008,3,180,0,540
1196,2/4/2025,S01,C152,P016,4,25,0,100
1197,2/5/2025,S01,C159,P014,8,20,0,160
1198,2/5/2025,S05,C151,P006,7,60,21,399
1199,2/6/2025,S04,C116,P006,7,60,0,420
1200,2/6/2025,S04,C155,P006,2,60,0,120
1201,2/7/2025,S01,C137,P012,2,300,18,582
1202,2/7/2025,S01,C107,P006,4,60,0,240
1203,2/7/2025,S02,C141,P006,8,60,48,432
1204,2/7/2025,S02,C147,P013,4,55,0,220
1205,2/7/2025,S04,C122,P013,4,55,22,198
1206,2/7/2025,S05,C154,P004,6,45,0,270
1207,2/8/2025,S01,C140,P008,3,180,0,540
1208,2/8/2025,S03,C140,P016,2,25,5,45
1209,2/8/2025,S04,C122,P005,7,80,0,560
1210,2/8/2025,S04,C131,P001,3,100,30,270
1211,2/8/2025,S04,C114,P004,7,45,16,299
1212,2/8/2025,S05,C120,P005,8,80,32,608
1213,2/8/2025,S05,C145,P014,2,20,3,37
1214,2/9/2025,S02,C112,P009,2,120,0,240
1215,2/9/2025,S02,C112,P016,8,25,0,200
1216,2/9/2025,S04,C111,P015,4,12,0,48
1217,2/9/2025,S04,C141,P005,7,80,17,543
1218,2/10/2025,S02,C152,P003,4,50,0,200
1219,2/10/2025,S04,C129,P013,7,55,38,347
1220,2/10/2025,S04,C133,P010,5,40,6,194
1221,2/10/2025,S05,C132,P003,4,50,0,200
1222,2/10/2025,S06,C152,P003,4,50,0,200
1223,2/11/2025,S01,C102,P001,4,100,0,400
1224,2/11/2025,S01,C148,P006,6,60,54,306
1225,2/11/2025,S02,C144,P015,8,12,3,93
1226,2/11/2025,S02,C151,P011,6,15,0,90
1227,2/11/2025,S03,C122,P005,2,80,0,160
1228,2/11/2025,S03,C106,P014,5,20,0,100
1229,2/11/2025,S04,C133,P006,1,60,6,54
1230,2/11/2025,S04,C131,P004,6,45,0,270
1231,2/11/2025,S04,C104,P011,8,15,10,110
1232,2/11/2025,S05,C123,P002,2,250,0,500
1233,2/12/2025,S03,C149,P001,5,100,0,500
1234,2/12/2025,S03,C155,P012,1,300,0,300
1235,2/12/2025,S04,C123,P011,6,15,3,87
1236,2/12/2025,S04,C132,P004,3,45,0,135
1237,2/12/2025,S06,C109,P008,2,180,54,306
1238,2/13/2025,S04,C115,P016,5,25,0,125
1239,2/13/2025,S06,C137,P015,6,12,0,72
1240,2/13/2025,S06,C131,P003,7,50,0,350
1241,2/14/2025,S01,C150,P013,6,55,10,320
1242,2/14/2025,S03,C114,P009,1,120,6,114
1243,2/14/2025,S03,C143,P010,6,40,12,228
1244,2/14/2025,S03,C130,P004,4,45,18,162
1245,2/14/2025,S04,C134,P014,1,20,0,20
1246,2/14/2025,S05,C103,P006,1,60,9,51
1247,2/14/2025,S06,C101,P016,5,25,0,125
1248,2/15/2025,S01,C133,P014,6,20,0,120
1249,2/15/2025,S03,C153,P011,1,15,1,14
1250,2/15/2025,S06,C118,P007,2,400,0,800
1251,2/15/2025,S06,C142,P006,5,60,15,285
1252,2/15/2025,S06,C119,P004,5,45,0,225
1253,2/16/2025,S04,C126,P001,1,100,0,100
1254,2/16/2025,S06,C124,P013,1,55,8,47
1255,2/16/2025,S06,C155,P008,1,180,14,166
1256,2/17/2025,S01,C122,P004,4,45,18,162
1257,2/17/2025,S02,C152,P004,8,45,0,360
1258,2/17/2025,S02,C147,P001,7,100,105,595
1259,2/18/2025,S04,C104,P008,2,180,0,360
1260,2/19/2025,S01,C110,P008,1,180,0,180
1261,2/19/2025,S02,C111,P002,2,250,0,500
1262,2/19/2025,S03,C103,P003,8,50,20,380
1263,2/19/2025,S04,C124,P016,8,25,30,170
1264,2/20/2025,S03,C153,P007,2,400,0,800
1265,2/20/2025,S03,C117,P001,1,100,15,85
1266,2/20/2025,S04,C121,P013,7,55,38,347
1267,2/20/2025,S05,C127,P011,7,15,0,105
1268,2/21/2025,S01,C123,P008,3,180,0,540
1269,2/21/2025,S02,C109,P001,8,100,0,800
1270,2/21/2025,S02,C126,P011,6,15,14,76
1271,2/21/2025,S03,C124,P001,1,100,10,90
1272,2/21/2025,S03,C106,P004,5,45,7,218
1273,2/22/2025,S01,C120,P002,2,250,0,500
1274,2/22/2025,S01,C130,P015,3,12,2,34
1275,2/22/2025,S01,C124,P001,4,100,40,360
1276,2/22/2025,S01,C157,P006,3,60,18,162
1277,2/22/2025,S02,C145,P006,3,60,0,180
1278,2/22/2025,S03,C156,P013,6,55,16,314
1279,2/22/2025,S03,C120,P009,2,120,12,228
1280,2/22/2025,S04,C119,P011,4,15,0,60
1281,2/22/2025,S05,C141,P010,2,40,12,68
1282,2/22/2025,S05,C134,P008,1,180,0,180
1283,2/22/2025,S05,C145,P005,1,80,6,74
1284,2/23/2025,S03,C105,P008,3,180,16,524
1285,2/23/2025,S04,C150,P003,5,50,0,250
1286,2/23/2025,S04,C136,P004,8,45,29,331
1287,2/23/2025,S04,C145,P001,4,100,0,400
1288,2/23/2025,S04,C115,P009,1,120,18,102
1289,2/23/2025,S05,C111,P013,8,55,35,405
1290,2/23/2025,S05,C120,P004,3,45,0,135
1291,2/23/2025,S05,C124,P014,7,20,0,140
1292,2/24/2025,S01,C146,P003,8,50,0,400
1293,2/24/2025,S02,C157,P014,1,20,0,20
1294,2/24/2025,S03,C140,P006,5,60,9,291
1295,2/25/2025,S05,C105,P010,4,40,13,147
1296,2/26/2025,S01,C119,P005,2,80,5,155
1297,2/26/2025,S02,C101,P004,2,45,0,90
1298,2/26/2025,S04,C115,P001,4,100,32,368
1299,2/26/2025,S06,C122,P005,4,80,26,294
1300,2/27/2025,S01,C155,P005,7,80,17,543
1301,2/27/2025,S01,C123,P014,7,20,0,140
1302,2/27/2025,S04,C127,P008,3,180,54,486
1303,2/27/2025,S05,C103,P003,3,50,0,150
1304,2/27/2025,S05,C109,P015,7,12,13,71
1305,2/27/2025,S06,C115,P015,5,12,3,57
1306,2/27/2025,S06,C140,P014,6,20,0,120
1307,2/28/2025,S01,C113,P001,8,100,120,680
1308,2/28/2025,S02,C105,P001,1,100,0,100
1309,2/28/2025,S04,C150,P011,8,15,12,108
1310,2/28/2025,S05,C146,P003,8,50,20,380
1311,3/1/2025,S01,C152,P004,5,45,0,225
1312,3/1/2025,S01,C105,P016,1,25,0,25
1313,3/1/2025,S01,C118,P013,3,55,13,152
1314,3/1/2025,S01,C155,P015,6,12,7,65
1315,3/1/2025,S02,C112,P016,8,25,20,180
1316,3/1/2025,S02,C148,P016,1,25,1,24
1317,3/1/2025,S02,C102,P015,1,12,1,11
1318,3/1/2025,S03,C118,P004,1,45,0,45
1319,3/1/2025,S03,C110,P004,5,45,34,191
1320,3/1/2025,S04,C134,P013,6,55,0,330
1321,3/1/2025,S04,C133,P004,7,45,0,315
1322,3/2/2025,S01,C106,P006,3,60,0,180
1323,3/2/2025,S02,C118,P009,2,120,7,233
1324,3/2/2025,S02,C145,P004,5,45,0,225
1325,3/2/2025,S05,C126,P016,3,25,0,75
1326,3/3/2025,S01,C116,P015,4,12,1,47
1327,3/3/2025,S02,C104,P008,2,180,11,349
1328,3/3/2025,S02,C132,P006,7,60,21,399
1329,3/3/2025,S04,C111,P005,7,80,45,515
1330,3/3/2025,S04,C124,P004,2,45,0,90
1331,3/3/2025,S04,C141,P004,8,45,54,306
1332,3/3/2025,S04,C157,P004,7,45,47,268
1333,3/3/2025,S04,C129,P004,2,45,4,86
1334,3/3/2025,S05,C145,P009,1,120,0,120
1335,3/4/2025,S01,C147,P016,3,25,11,64
1336,3/4/2025,S04,C121,P013,8,55,13,427
1337,3/4/2025,S05,C116,P016,6,25,8,142
1338,3/5/2025,S01,C136,P010,4,40,8,152
1339,3/5/2025,S01,C156,P004,6,45,40,230
1340,3/5/2025,S02,C106,P012,1,300,0,300
1341,3/5/2025,S02,C111,P006,5,60,0,300
1342,3/5/2025,S02,C134,P001,8,100,0,800
1343,3/5/2025,S03,C134,P004,2,45,4,86
1344,3/6/2025,S01,C127,P015,6,12,2,70
1345,3/6/2025,S01,C129,P010,2,40,0,80
1346,3/6/2025,S01,C145,P015,4,12,7,41
1347,3/6/2025,S02,C132,P004,6,45,22,248
1348,3/6/2025,S02,C107,P015,1,12,1,11
1349,3/6/2025,S02,C116,P016,4,25,3,97
1350,3/6/2025,S05,C130,P005,5,80,60,340
1351,3/7/2025,S01,C147,P005,3,80,0,240
1352,3/7/2025,S02,C151,P010,7,40,42,238
1353,3/7/2025,S03,C102,P003,8,50,0,400
1354,3/7/2025,S03,C122,P004,5,45,18,207
1355,3/8/2025,S02,C106,P016,2,25,2,48
1356,3/8/2025,S02,C108,P014,8,20,0,160
1357,3/8/2025,S03,C104,P016,6,25,15,135
1358,3/8/2025,S04,C120,P013,8,55,0,440
1359,3/8/2025,S05,C160,P016,4,25,3,97
1360,3/8/2025,S05,C106,P016,8,25,0,200
1361,3/8/2025,S06,C120,P015,4,12,4,44
1362,3/8/2025,S06,C133,P007,2,400,120,680
1363,3/9/2025,S02,C137,P004,6,45,0,270
1364,3/9/2025,S02,C109,P015,3,12,0,36
1365,3/9/2025,S04,C130,P005,1,80,12,68
1366,3/9/2025,S04,C156,P015,1,12,1,11
1367,3/9/2025,S05,C127,P016,1,25,0,25
1368,3/9/2025,S06,C153,P013,7,55,0,385
1369,3/9/2025,S06,C116,P014,5,20,15,85
1370,3/10/2025,S03,C123,P004,3,45,7,128
1371,3/10/2025,S04,C145,P015,5,12,5,55
1372,3/10/2025,S04,C131,P009,3,120,0,360
1373,3/10/2025,S05,C140,P005,3,80,24,216
1374,3/10/2025,S06,C157,P014,8,20,0,160
1375,3/11/2025,S01,C108,P015,8,12,0,96
1376,3/11/2025,S02,C159,P015,2,12,0,24
1377,3/11/2025,S03,C151,P005,8,80,0,640
1378,3/12/2025,S02,C121,P006,3,60,27,153
1379,3/12/2025,S02,C112,P016,8,25,0,200
1380,3/12/2025,S03,C126,P005,2,80,8,152
1381,3/12/2025,S04,C108,P014,5,20,0,100
1382,3/12/2025,S05,C151,P004,7,45,9,306
1383,3/12/2025,S06,C150,P006,4,60,0,240
1384,3/12/2025,S06,C104,P004,7,45,47,268
1385,3/13/2025,S01,C155,P003,5,50,0,250
1386,3/13/2025,S02,C121,P006,3,60,0,180
1387,3/14/2025,S01,C123,P006,7,60,42,378
1388,3/14/2025,S01,C118,P015,1,12,1,11
1389,3/14/2025,S01,C150,P006,7,60,34,386
1390,3/14/2025,S03,C133,P004,3,45,0,135
1391,3/14/2025,S03,C125,P011,1,15,2,13
1392,3/14/2025,S03,C101,P010,6,40,0,240
1393,3/14/2025,S03,C134,P004,5,45,22,203
1394,3/14/2025,S05,C104,P004,8,45,0,360
1395,3/15/2025,S01,C157,P016,4,25,0,100
1396,3/15/2025,S02,C126,P015,2,12,1,23
1397,3/15/2025,S02,C106,P004,7,45,0,315
1398,3/15/2025,S02,C141,P010,3,40,6,114
1399,3/15/2025,S03,C125,P015,2,12,1,23
1400,3/15/2025,S03,C131,P006,7,60,63,357
1401,3/15/2025,S04,C112,P016,7,25,0,175
1402,3/16/2025,S01,C127,P012,1,300,15,285
1403,3/16/2025,S01,C143,P006,1,60,0,60
1404,3/16/2025,S02,C156,P016,2,25,0,50
1405,3/16/2025,S03,C130,P004,1,45,0,45
1406,3/16/2025,S04,C124,P006,6,60,0,360
1407,3/16/2025,S06,C144,P006,5,60,15,285
1408,3/17/2025,S01,C117,P016,7,25,5,170
1409,3/17/2025,S03,C130,P006,5,60,30,270
1410,3/17/2025,S03,C133,P001,5,100,75,425
1411,3/17/2025,S04,C153,P015,6,12,7,65
1412,3/17/2025,S05,C109,P013,7,55,0,385
1413,3/18/2025,S01,C110,P016,2,25,0,50
1414,3/18/2025,S04,C134,P006,2,60,0,120
1415,3/18/2025,S06,C158,P013,2,55,6,104
1416,3/19/2025,S03,C123,P015,5,12,2,58
1417,3/19/2025,S03,C113,P010,1,40,0,40
1418,3/19/2025,S03,C115,P014,6,20,12,108
1419,3/19/2025,S05,C142,P014,1,20,3,17
1420,3/20/2025,S01,C124,P015,6,12,0,72
1421,3/20/2025,S02,C152,P006,8,60,0,480
1422,3/20/2025,S03,C118,P016,7,25,0,175
1423,3/20/2025,S04,C150,P008,3,180,0,540
1424,3/20/2025,S04,C102,P015,6,12,0,72
1425,3/20/2025,S05,C138,P005,2,80,0,160
1426,3/20/2025,S05,C137,P016,6,25,4,146
1427,3/20/2025,S06,C134,P016,3,25,2,73
1428,3/21/2025,S02,C122,P006,1,60,0,60
1429,3/21/2025,S02,C103,P012,1,300,0,300
1430,3/21/2025,S02,C139,P005,5,80,32,368
1431,3/21/2025,S03,C121,P010,2,40,8,72
1432,3/21/2025,S03,C121,P013,3,55,0,165
1433,3/21/2025,S04,C127,P006,7,60,42,378
1434,3/21/2025,S04,C132,P005,6,80,24,456
1435,3/21/2025,S04,C146,P016,5,25,0,125
1436,3/21/2025,S04,C120,P011,4,15,3,57
1437,3/21/2025,S05,C154,P016,4,25,8,92
1438,3/21/2025,S05,C148,P004,3,45,0,135
1439,3/21/2025,S06,C136,P003,5,50,12,238
1440,3/22/2025,S01,C142,P006,2,60,10,110
1441,3/22/2025,S02,C146,P008,3,180,43,497
1442,3/22/2025,S02,C147,P005,7,80,0,560
1443,3/22/2025,S03,C124,P010,8,40,0,320
1444,3/22/2025,S04,C110,P004,2,45,0,90
1445,3/22/2025,S04,C144,P005,3,80,0,240
1446,3/22/2025,S04,C127,P006,1,60,0,60
1447,3/22/2025,S04,C114,P009,1,120,10,110
1448,3/22/2025,S04,C143,P016,2,25,2,48
1449,3/22/2025,S05,C116,P015,2,12,4,20
1450,3/22/2025,S05,C145,P015,3,12,5,31
1451,3/23/2025,S01,C109,P016,1,25,1,24
1452,3/23/2025,S01,C140,P006,4,60,0,240
1453,3/23/2025,S02,C119,P006,7,60,63,357
1454,3/23/2025,S02,C129,P006,2,60,10,110
1455,3/23/2025,S02,C145,P005,6,80,0,480
1456,3/23/2025,S03,C148,P014,7,20,4,136
1457,3/23/2025,S04,C133,P006,2,60,0,120
1458,3/24/2025,S01,C153,P015,7,12,4,80
1459,3/24/2025,S02,C135,P009,2,120,0,240
1460,3/24/2025,S02,C135,P008,3,180,0,540
1461,3/24/2025,S04,C132,P009,1,120,0,120
1462,3/24/2025,S04,C101,P016,3,25,11,64
1463,3/24/2025,S05,C152,P005,5,80,40,360
1464,3/25/2025,S03,C128,P015,2,12,0,24
1465,3/25/2025,S03,C119,P006,8,60,24,456
1466,3/26/2025,S01,C103,P015,6,12,11,61
1467,3/26/2025,S03,C135,P004,4,45,0,180
1468,3/26/2025,S03,C129,P016,1,25,0,25
1469,3/26/2025,S04,C147,P005,2,80,8,152
1470,3/26/2025,S05,C145,P004,5,45,0,225
1471,3/26/2025,S06,C113,P015,5,12,0,60
1472,3/27/2025,S01,C141,P004,8,45,0,360
1473,3/27/2025,S02,C156,P013,5,55,41,234
1474,3/27/2025,S02,C104,P006,7,60,42,378
1475,3/27/2025,S02,C152,P005,4,80,16,304
1476,3/27/2025,S02,C153,P009,1,120,0,120
1477,3/27/2025,S03,C160,P004,3,45,20,115
1478,3/27/2025,S04,C113,P008,1,180,0,180
1479,3/27/2025,S04,C154,P008,3,180,0,540
1480,3/28/2025,S01,C132,P006,5,60,0,300
1481,3/28/2025,S01,C101,P015,2,12,4,20
1482,3/28/2025,S02,C135,P010,6,40,19,221
1483,3/28/2025,S03,C109,P005,8,80,0,640
1484,3/28/2025,S04,C156,P009,3,120,29,331
1485,3/28/2025,S04,C102,P015,4,12,5,43
1486,3/28/2025,S04,C137,P013,6,55,0,330
1487,3/29/2025,S01,C106,P004,7,45,9,306
1488,3/29/2025,S01,C158,P015,8,12,3,93
1489,3/29/2025,S01,C101,P016,8,25,10,190
1490,3/29/2025,S02,C125,P001,7,100,105,595
1491,3/29/2025,S02,C122,P005,3,80,0,240
1492,3/29/2025,S04,C114,P016,5,25,0,125
1493,3/29/2025,S04,C134,P014,2,20,0,40
1494,3/29/2025,S04,C120,P003,3,50,8,142
1495,3/29/2025,S06,C140,P004,6,45,0,270
1496,3/30/2025,S01,C117,P010,1,40,0,40
1497,3/30/2025,S01,C112,P015,1,12,0,12
1498,3/30/2025,S03,C148,P001,4,100,32,368
1499,3/30/2025,S04,C145,P004,8,45,0,360
1500,3/30/2025,S05,C152,P005,2,80,0,160
1501,3/31/2025,S01,C138,P009,3,120,0,360
1502,3/31/2025,S01,C122,P015,8,12,3,93
1503,3/31/2025,S02,C123,P005,5,80,0,400
1504,3/31/2025,S02,C150,P009,2,120,0,240
1505,3/31/2025,S03,C150,P006,8,60,38,442
1506,3/31/2025,S04,C109,P014,6,20,0,120
1507,3/31/2025,S04,C128,P016,3,25,0,75
1508,3/31/2025,S06,C136,P008,2,180,11,349
